<?xml version="1.0" encoding="ISO-8859-1"?>
<ROOT>
<PERSON>
<NAME>Iva Atanasova</NAME>
<EMAIL>Iva_Atanasova@abv.bg</EMAIL>
<MANAGER>Denitsa Atanasova</MANAGER>
</PERSON>
<PERSON>
<NAME>John Piggot</NAME>
<EMAIL>John_Piggot@gmail.com</EMAIL>
<MANAGER>Denitsa Atanasova</MANAGER>
</PERSON>
<PERSON>
<NAME>Vanq Popova</NAME>
<EMAIL>Vonia_P@gmail.com</EMAIL>
<MANAGER>USA</MANAGER>
</PERSON>
<PERSON>
<NAME>Empire Burlesque</NAME>
<EMAIL>Bob Dylan</EMAIL>
<MANAGER>USA</MANAGER>
</PERSON>
<PERSON>
<NAME>Empire Burlesque</NAME>
<EMAIL>Bob Dylan</EMAIL>
<MANAGER>USA</MANAGER>
</PERSON>
<PERSON>
<NAME>Empire Burlesque</NAME>
<EMAIL>Bob Dylan</EMAIL>
<MANAGER>USA</MANAGER>
</PERSON>
<PERSON>
<NAME>Empire Burlesque</NAME>
<EMAIL>Bob Dylan</EMAIL>
<MANAGER>USA</MANAGER>
</PERSON>
</ROOT>